{"cameraMode":{"drawMode":0,"name":"Shaded","section":"Shading Mode"},"sceneLighting":true,"audioPlay":false,"sceneViewState":{"m_AlwaysRefresh":false,"showFog":true,"showSkybox":true,"showFlares":true,"showImageEffects":true,"showParticleSystems":true,"showVisualEffectGraphs":true,"m_FxEnabled":true},"in2DMode":false,"pivot":{"x":-1.6292963027954102,"y":-57.35558319091797,"z":10.259491920471192},"rotation":{"x":-0.2686595618724823,"y":0.1671225130558014,"z":-0.047389574348926547,"w":-0.9474430680274963},"size":24.337284088134767,"orthographic":false}